model_name,accuracy,precision,recall,f1,roc_auc,tn,fp,fn,tp
log_reg,0.8116883116883117,0.676056338028169,0.8888888888888888,0.768,0.8524074074074075,77.0,23.0,6.0,48.0
random_forest,0.8831168831168831,0.8,0.8888888888888888,0.8421052631578947,0.9553703703703703,88.0,12.0,6.0,48.0
