model_name,accuracy,precision,recall,f1,roc_auc,tn,fp,fn,tp
log_reg,0.8116883116883117,0.6865671641791045,0.8518518518518519,0.7603305785123967,0.8527777777777779,79.0,21.0,8.0,46.0
random_forest,0.8701298701298701,0.7833333333333333,0.8703703703703703,0.8245614035087719,0.9437037037037037,87.0,13.0,7.0,47.0
